Rooms,Person A,Person B
1,"Paid- Alex Johnson, 9876543210, UPI","Paid- Sam Patel, 9876543211, UPI"
2,"Paid- Chris Sharma, 9876543212, Cash","Jordan Lee, 9876543213, UPI"
3,"Morgan Rao, 9876543214, UPI",NO ROOMMATE
4,"Paid- Taylor Gupta, 9876543215, UPI","Robin Verma, 9876543216, UPI - not using"
5,"Casey Das, 9876543217, UPI","Paid- Jamie Nair, 9876543218, UPI"
6,"Devon Iyer, 9876543219, Cash","Riley Menon, 9876543220, UPI"
7,"Avery Sen, 9876543221, UPI",NO ROOMMATE
8,"Paid- Kendall Bose, 9876543222, UPI","Paid- Quinn Roy, 9876543223, UPI"

